{
  "timestamp": 1777363835.178229,
  "quality_signal": 0.6136332296773035,
  "coupling_score": 0.26063829787234044,
  "cycle_count": 0,
  "god_file_count": 1,
  "hotspot_count": 0,
  "complex_fn_count": 16,
  "max_depth": 16,
  "total_import_edges": 376,
  "cross_module_edges": 239
}